Weather,money
Unknown,6.4614336158192085
cloudy,6.641764705882353
rainy,6.527142857142857
snowy,4.4366666666666665
sunny,7.0564285714285715
